month1,456
month2,457
month3,458
month4,459
month5,460
month6,461
month7,462
month8,463
month9,464
month10,465
month11,466
month12,467
month13,468
month14,469
month15,470
month16,471
month17,472
month18,473
month19,474
month20,475
month21,476
month22,477
month23,478
month24,479
month25,480
month26,481
month27,482
month28,483
month29,484
month30,485
month31,486
month32,487
month33,488
month34,489
month35,490
month36,491
month37,492
month38,493
month39,494
month40,495
month41,496
month42,497
month43,498
month44,499
month45,500
month46,501
month47,502
month48,503
month49,504
month50,505
month51,506
month52,507
month53,508
month54,509
month55,510
month56,511
month57,512
month58,513
month59,514
month60,515
month61,516
month62,517
month63,518
month64,519
month65,520
month66,521
month67,522
month68,523
month69,524
month70,525
month71,526
month72,527
month73,528
month74,529
month75,530
month76,531
month77,532
month78,533
month79,534
month80,535
month81,536
month82,537
month83,538
month84,539
month85,540
month86,541
month87,542
month88,543
month89,544
month90,545
month91,546
month92,547
month93,548
month94,549
month95,550
month96,551
month97,552
month98,553
month99,554
month100,555
month101,556
month102,557
month103,558
month104,559
month105,560
month106,561
month107,562
month108,563
month109,564
month110,565
month111,566
month112,567
month113,568
month114,569
month115,570
month116,571
month117,572
month118,573
month119,574
month120,575
month121,576
month122,577
month123,578
month124,579
month125,580
month126,581
month127,582
month128,583
month129,584
month130,585
month131,586
month132,587
month133,588
month134,589
month135,590
month136,591
month137,592
month138,593
month139,594
month140,595
month141,596
month142,597
month143,598
month144,599
month145,600
month146,601
month147,602
month148,603
month149,604
month150,605
month151,606
month152,607
month153,608
month154,609
month155,610
month156,611
month157,612
month158,613
month159,614
month160,615
month161,616
month162,617
month163,618
month164,619
month165,620
month166,621
month167,622
month168,623
month169,624
month170,625
month171,626
month172,627
month173,628
month174,629
month175,630
month176,631
month177,632
month178,633
month179,634
month180,635
month181,636
month182,637
month183,638
month184,639
month185,640
month186,641
month187,642
month188,643
month189,644
month190,645
month191,646
month192,647
month193,648
month194,649
month195,650
month196,651
month197,652
month198,653
month199,654
month200,655
month201,656
month202,657
month203,658
month204,659
month205,660
month206,661
month207,662
month208,663
month209,664
month210,665
month211,666
month212,667
month213,668
month214,669
month215,670
month216,671
month217,672
month218,673
month219,674
month220,675
month221,676
month222,677
month223,678
month224,679
month225,680
month226,681
month227,682
month228,683
month229,684
month230,685
month231,686
month232,687
month233,688
month234,689
month235,690
month236,691
month237,692
month238,693
month239,694
month240,695
month241,696
month242,697
month243,698
month244,699
month245,700
month246,701
month247,702
month248,703
month249,704
month250,705
month251,706
month252,707
month253,708
month254,709
month255,710
month256,711
month257,712
month258,713
month259,714
month260,715
month261,716
month262,717
month263,718
month264,719
month265,720
month266,721
month267,722
month268,723
month269,724
month270,725
month271,726
month272,727
month273,728
month274,729
month275,730
month276,731
month277,732
month278,733
month279,734
month280,735
month281,736
month282,737
month283,738
month284,739
month285,740
month286,741
